VinDM / V;VoutDM / V;ADM;DVdm;Adm2
0.06;7.724;128.7333333;7.651;127.5166667
0.05;6.45;129;6.377;127.54
0.04;5.17;129.25;5.097;127.425
0.03;3.893;129.7666667;3.82;127.3333333
0.025;3.244;129.76;3.171;126.84
0.02;2.619;130.95;2.546;127.3
0.015;1.972;131.4666667;1.899;126.6
0.01;1.35;135;1.277;127.7
0.005;0.695;139;0.622;124.4
